Workbook

Sheet 01_Proyek
A1: 01_Proyek: Identitas Project dan Review Test Basis
A2: Sel berwarna kuning diisi oleh praktikan. Sel lain berasal dari project dan dokumen kebutuhan.
A4: Nama praktikan | B4: (isi nama)
A5: NIM / Kelas | B5: (isi)
A6: Project | B6: Wedlify, aplikasi web pemesanan undangan pernikahan
A7: Platform | B7: Web
A8: Role yang diuji | B8: User (pelanggan terdaftar)
A9: Fitur yang diuji | B9: F04 Kelola Pesanan, form Buat Pesanan, beserta aturan harga F05
A10: Input yang dianalisis | B10: Jumlah Tamu dan Cetak Tambahan: dua input angka yang saling bebas
A11: Test basis | B11: docs/REQUIREMENTS_AKUN_PESANAN.md: REQ-009, REQ-010, REQ-015, REQ-016 dengan aturan BR-22, BR-30, BR-31, BR-32, BR-33
A12: Test condition (Modul 2) | B12: TCD-022, TCD-025, TCD-037, TCD-038
A13: Lingkungan uji | B13: MacBook Air M1, macOS 26.6.2, Google Chrome 154, aplikasi lokal (npm run dev), database awal
A14: Alamat aplikasi saat eksekusi | B14: http://localhost:3100 (server lokal dengan database baru)
A15: Akun uji | B15: pelanggan.uji@mail.com / Uji12345
... A17: Catatan eksekusi | B17: Kasus pada sheet 04 dijalankan dengan skrip otomatis (Playwright pada Chrome) pada tanggal di atas, dan tangkapan layar di folder bukti berasal dari eksekusi itu. Jalankan ulang secara manual bila diminta, lalu perbarui kolom Penguji dan Tanggal.
A19: Aturan input
A20: Field | B20: Tipe | C20: Rentang diterima | D20: Aturan tambahan | E20: Sumber
A21: Jumlah Tamu | B21: Bilangan bulat | C21: 10 sampai 2000 | D21: - | E21: BR-22
A22: Cetak Tambahan | B22: Bilangan bulat | C22: 0 sampai 500 lembar | D22: Hanya paket Standard dan Premium. Paket Basic harus 0. Biaya Rp 3.000 per lembar. | E22: BR-31, BR-32
A23: Paket (konteks) | B23: Pilihan | C23: Basic Rp 150.000, Standard Rp 300.000, Premium Rp 500.000 | D23: Wajib dipilih | E23: BR-30
A25: Kelas keluaran
A26: Kelas | B26: Keluaran yang terlihat | C26: Syarat
A27: K1 | B27: Pesanan tersimpan tanpa biaya cetak, total = harga paket | C27: Semua input valid dan cetak tambahan 0
A28: K2 | B28: Pesanan tersimpan dengan biaya cetak, total = harga paket + lembar x Rp 3.000 | C28: Semua input valid, cetak tambahan 1 sampai 500, paket Standard atau Premium
A29: K3 | B29: Ditolak: paket tidak menyediakan cetak tambahan | C29: Rentang valid, tetapi paket Basic dengan cetak tambahan lebih dari 0
A30: K4 | B30: Ditolak: nilai di bawah minimum | C30: Jumlah tamu kurang dari 10 atau cetak tambahan kurang dari 0
A31: K5 | B31: Ditolak: nilai di atas maksimum | C31: Jumlah tamu lebih dari 2000 atau cetak tambahan lebih dari 500
A32: K6 | B32: Ditolak: bukan bilangan bulat | C32: Jumlah tamu atau cetak tambahan berupa pecahan
A34: Data tetap untuk field lain
A35: Field | B35: Nilai
A36: Nama Pengantin Wanita / Pria | B36: Sarah / James
A37: Tanggal Pernikahan | B37: H+30 dari tanggal eksekusi (2026-11-01)
A38: Lokasi | B38: Grand Ballroom, Hotel Mulia
A39: Tema Undangan | B39: Elegant Gold
A40: Kode Promo dan Catatan Desain | B40: Dikosongkan

Sheet 02_BVA
A1: 02_BVA: Boundary Value Analysis
A2: Tiap test case menggeser satu variabel ke satu nilai batas, sedangkan variabel lain tetap nominal (single-fault assumption).
A4: Input atau fitur yang diuji | B4: Form Buat Pesanan: Jumlah Tamu dan Cetak Tambahan, dengan paket Standard
A5: n, jumlah variabel input yang saling bebas | B5: 2
A6: Kandidat mentah = 5n | B6: =5*B5 -> 10
A7: Duplikat nominal yang dibuang = n - 1 | B7: =B5-1 -> 1
A8: Jumlah minimal test case = 4n + 1 | B8: =4*B5+1 -> 9
A9: Pemeriksaan: 5n - (n - 1) | B9: =B6-B7 -> 9 | C9: Harus sama dengan 4n + 1 pada B8
A10: Harga paket Standard (Rp), BR-30 | B10: 300000
A11: Harga cetak per lembar (Rp), BR-31 | B11: 3000
A13: Lima nilai batas tiap variabel
A14: Variabel | B14: Min | C14: Min+ | D14: Nominal | E14: Max- | F14: Max | G14: Keterangan
A15: Jumlah Tamu | B15: 10 | C15: 11 | D15: 1000 | E15: 1999 | F15: 2000 | G15: Rentang 10 sampai 2000 (BR-22). Nominal 1000 berada di tengah rentang.
A16: Cetak Tambahan | B16: 0 | C16: 1 | D16: 250 | E16: 499 | F16: 500 | G16: Rentang 0 sampai 500 (BR-31). Nominal 250 berada di tengah rentang.
A18: Urutan mentah 5n = 10 baris dan keputusan deduplikasi
A19: Raw ID | B19: Variabel yang digeser | C19: Nilai batas | D19: Jumlah Tamu | E19: Cetak Tambahan | F19: Total yang diharapkan (Rp) | G19: Keputusan
A20: 1 | B20: Jumlah Tamu | C20: Min | D20: 10 | E20: 250 | F20: =$B$10+E20*$B$11 -> 1050000 | G20: Keep
A21: 2 | B21: Jumlah Tamu | C21: Min+ | D21: 11 | E21: 250 | F21: =$B$10+E21*$B$11 -> 1050000 | G21: Keep
A22: 3 | B22: Jumlah Tamu | C22: Nominal | D22: 1000 | E22: 250 | F22: =$B$10+E22*$B$11 -> 1050000 | G22: Keep: wakil nominal
A23: 4 | B23: Jumlah Tamu | C23: Max- | D23: 1999 | E23: 250 | F23: =$B$10+E23*$B$11 -> 1050000 | G23: Keep
A24: 5 | B24: Jumlah Tamu | C24: Max | D24: 2000 | E24: 250 | F24: =$B$10+E24*$B$11 -> 1050000 | G24: Keep
A25: 6 | B25: Cetak Tambahan | C25: Min | D25: 1000 | E25: 0 | F25: =$B$10+E25*$B$11 -> 300000 | G25: Keep
A26: 7 | B26: Cetak Tambahan | C26: Min+ | D26: 1000 | E26: 1 | F26: =$B$10+E26*$B$11 -> 303000 | G26: Keep
A27: 8 | B27: Cetak Tambahan | C27: Nominal | D27: 1000 | E27: 250 | F27: =$B$10+E27*$B$11 -> 1050000 | G27: Remove: duplikat Raw ID 3
A28: 9 | B28: Cetak Tambahan | C28: Max- | D28: 1000 | E28: 499 | F28: =$B$10+E28*$B$11 -> 1797000 | G28: Keep
A29: 10 | B29: Cetak Tambahan | C29: Max | D29: 1000 | E29: 500 | F29: =$B$10+E29*$B$11 -> 1800000 | G29: Keep
A30: Tupel nominal (1000, 250) muncul n = 2 kali, yaitu Raw ID 3 dan Raw ID 8. Satu salinan dipertahankan dan n - 1 = 1 salinan dibuang, sehingga 10 - 1 = 9 kasus unik = 4n + 1.
A32: Sembilan test case BVA akhir
A33: Test Case | B33: Jumlah Tamu | C33: Cetak Tambahan | D33: Nilai batas yang diwakili | E33: Biaya cetak (Rp) | F33: Total yang diharapkan (Rp) | G33: Keluaran yang diharapkan
A34: TC-BVA-01 | B34: 10 | C34: 250 | D34: Jumlah Tamu = Min | E34: =C34*$B$11 -> 750000 | F34: =$B$10+E34 -> 1050000 | G34: Pesanan tersimpan dengan status Menunggu Pembayaran dan biaya cetak ditambahkan
A35: TC-BVA-02 | B35: 11 | C35: 250 | D35: Jumlah Tamu = Min+ | E35: =C35*$B$11 -> 750000 | F35: =$B$10+E35 -> 1050000 | G35: Pesanan tersimpan dengan status Menunggu Pembayaran dan biaya cetak ditambahkan
A36: TC-BVA-03 | B36: 1999 | C36: 250 | D36: Jumlah Tamu = Max- | E36: =C36*$B$11 -> 750000 | F36: =$B$10+E36 -> 1050000 | G36: Pesanan tersimpan dengan status Menunggu Pembayaran dan biaya cetak ditambahkan
A37: TC-BVA-04 | B37: 2000 | C37: 250 | D37: Jumlah Tamu = Max | E37: =C37*$B$11 -> 750000 | F37: =$B$10+E37 -> 1050000 | G37: Pesanan tersimpan dengan status Menunggu Pembayaran dan biaya cetak ditambahkan
A38: TC-BVA-05 | B38: 1000 | C38: 0 | D38: Cetak Tambahan = Min | E38: =C38*$B$11 -> 0 | F38: =$B$10+E38 -> 300000 | G38: Pesanan tersimpan dengan status Menunggu Pembayaran tanpa biaya cetak
A39: TC-BVA-06 | B39: 1000 | C39: 1 | D39: Cetak Tambahan = Min+ | E39: =C39*$B$11 -> 3000 | F39: =$B$10+E39 -> 303000 | G39: Pesanan tersimpan dengan status Menunggu Pembayaran dan biaya cetak ditambahkan
A40: TC-BVA-07 | B40: 1000 | C40: 499 | D40: Cetak Tambahan = Max- | E40: =C40*$B$11 -> 1497000 | F40: =$B$10+E40 -> 1797000 | G40: Pesanan tersimpan dengan status Menunggu Pembayaran dan biaya cetak ditambahkan
A41: TC-BVA-08 | B41: 1000 | C41: 500 | D41: Cetak Tambahan = Max | E41: =C41*$B$11 -> 1500000 | F41: =$B$10+E41 -> 1800000 | G41: Pesanan tersimpan dengan status Menunggu Pembayaran dan biaya cetak ditambahkan
A42: TC-BVA-09 | B42: 1000 | C42: 250 | D42: Semua nominal | E42: =C42*$B$11 -> 750000 | F42: =$B$10+E42 -> 1050000 | G42: Pesanan tersimpan dengan status Menunggu Pembayaran dan biaya cetak ditambahkan
A44: Jumlah test case akhir | B44: =COUNTA(A34:A42) -> 9 | C44: Harus sama dengan 4n + 1 pada B8

Sheet 03_EP
A1: 03_EP: Equivalence Partitioning dengan Weak Robust
A2: Tiap kasus tidak valid hanya memasukkan satu partisi tidak valid, sedangkan input lain tetap valid.
A4: Input yang dianalisis | B4: Jumlah Tamu dan Cetak Tambahan pada form Buat Pesanan, dengan Paket sebagai konteks aturan
A5: Jumlah partisi | B5: =COUNTA(A9:A13) -> 5
A7: Partisi
A8: Partisi | B8: Aturan atau rentang | C8: Jenis | D8: Wakil (tamu, cetak, paket) | E8: Alasan wakil termasuk partisi ini | F8: Jumlah kasus
A9: P1: Input valid, pesanan diterima | B9: 10 <= tamu <= 2000, 0 <= cetak <= 500, keduanya bilangan bulat, dan paket mengizinkan nilai cetak tersebut | C9: Valid | D9: (300, 0, Standard) dan (300, 100, Standard) | E9: Kedua nilai berada dalam rentang. Partisi ini punya dua kelas keluaran, yaitu tanpa biaya cetak (K1) dan dengan biaya cetak (K2), sehingga diberi satu wakil per kelas. | F9: 2
A10: P2: Rentang valid, ditolak aturan paket | B10: 1 <= cetak <= 500 dan paket Basic | C10: Valid, tetapi gagal aturan bisnis | D10: (300, 100, Basic) | E10: Nilai 100 berada dalam rentang 0 sampai 500, jadi bukan input tidak valid. Pesanan ditolak karena paket Basic tidak menyediakan cetak tambahan (BR-32). | F10: 1
A11: P3: Tidak valid, di bawah minimum | B11: tamu < 10 atau cetak < 0 | C11: Tidak valid | D11: (5, 100, Standard) dan (300, -5, Standard) | E11: 5 lebih kecil dari batas bawah 10, dan -5 lebih kecil dari batas bawah 0. Satu kasus per field karena Weak Robust mengubah satu input tiap kali. | F11: 2
A12: P4: Tidak valid, di atas maksimum | B12: tamu > 2000 atau cetak > 500 | C12: Tidak valid | D12: (2500, 100, Standard) dan (300, 600, Standard) | E12: 2500 lebih besar dari batas atas 2000, dan 600 lebih besar dari batas atas 500. Satu kasus per field. | F12: 2
A13: P5: Tidak valid, bukan bilangan bulat | B13: tamu atau cetak berupa pecahan | C13: Tidak valid (aturan tipe) | D13: (100.5, 100, Standard) dan (300, 2.5, Standard) | E13: 100.5 dan 2.5 berada dalam rentang tetapi melanggar aturan tipe bilangan bulat. Satu kasus per field. | F13: 2
E14: Total test case Weak Robust | F14: =SUM(F9:F13) -> 9
A16: Test case Weak Robust
A17: Test Case | B17: Jenis kelas dan alasannya | C17: Partisi | D17: Wakil (tamu, cetak, paket) | E17: Keluaran yang diharapkan | F17: Kelas keluaran
A18: TC-EP-01 | B18: Input valid, pesanan diterima tanpa biaya cetak | C18: P1 | D18: (300, 0, Standard) | E18: Pesanan tersimpan, total Rp 300.000 | F18: K1
A19: TC-EP-02 | B19: Input valid, pesanan diterima dengan biaya cetak | C19: P1 | D19: (300, 100, Standard) | E19: Pesanan tersimpan, total Rp 600.000 | F19: K2
A20: TC-EP-03 | B20: Rentang valid, ditolak aturan paket | C20: P2 | D20: (300, 100, Basic) | E20: Ditolak pada Cetak Tambahan: paket Basic tidak menyediakan cetak tambahan | F20: K3
A21: TC-EP-04 | B21: Input tidak valid: di bawah batas bawah | C21: P3, tamu < 10 | D21: (5, 100, Standard) | E21: Ditolak pada Jumlah Tamu: minimal 10 orang | F21: K4
A22: TC-EP-05 | B22: Input tidak valid: di bawah batas bawah | C22: P3, cetak < 0 | D22: (300, -5, Standard) | E22: Ditolak pada Cetak Tambahan: tidak boleh negatif | F22: K4
A23: TC-EP-06 | B23: Input tidak valid: di atas batas atas | C23: P4, tamu > 2000 | D23: (2500, 100, Standard) | E23: Ditolak pada Jumlah Tamu: maksimal 2000 orang | F23: K5
A24: TC-EP-07 | B24: Input tidak valid: di atas batas atas | C24: P4, cetak > 500 | D24: (300, 600, Standard) | E24: Ditolak pada Cetak Tambahan: maksimal 500 lembar | F24: K5
A25: TC-EP-08 | B25: Input tidak valid: bukan bilangan bulat | C25: P5, tamu pecahan | D25: (100.5, 100, Standard) | E25: Ditolak pada Jumlah Tamu: harus bilangan bulat | F25: K6
A26: TC-EP-09 | B26: Input tidak valid: bukan bilangan bulat | C26: P5, cetak pecahan | D26: (300, 2.5, Standard) | E26: Ditolak pada Cetak Tambahan: harus bilangan bulat | F26: K6

Sheet 04_Rancangan_dan_Eksekusi
A1: 04_Rancangan_dan_Eksekusi: Test Case, Hasil, dan Bukti
A2: Status: Lulus jika actual sama dengan expected, Gagal jika berbeda, Terblokir jika tidak dapat dijalankan. Sel kuning diisi praktikan.
A4: Test Case ID | B4: Test Basis / Condition | C4: Teknik dan Coverage | D4: Prasyarat | E4: Data Uji | F4: Langkah | G4: Expected Result | H4: Actual Result | I4: Status | J4: Tanggal Eksekusi | K4: Penguji | L4: Bukti | M4: Incident ID | N4: Catatan
A5: TC-BVA-01 | B5: REQ-010, BR-22, TCD-025: jumlah tamu 10 sampai 2000, bilangan bulat | C5: BVA: Jumlah Tamu = Min | D5: Sudah login sebagai pelanggan.uji@mail.com. Pesanan berstatus Menunggu Pembayaran kurang dari 3 (pesanan hasil kasus sebelumnya sudah dibatalkan). | E5: Jumlah Tamu = 10; Cetak Tambahan = 250; Paket = Standard | F5: 1. Buka Pesanan Saya lalu tekan Buat Pesanan. 2. Isi Nama Pengantin Wanita Sarah dan Nama Pengantin Pria James. 3. Isi Tanggal Pernikahan 2026-11-01 dan Lokasi Grand Ballroom, Hotel Mulia. 4. Pilih Tema Elegant Gold dan Paket Standard. 5. Isi Jumlah Tamu 10 dan Cetak Tambahan 250. 6. Tekan Buat Pesanan. | G5: Halaman detail pesanan tampil dengan status Menunggu Pembayaran. Jumlah tamu 10 orang. Cetak tambahan (250 lembar) Rp 750.000. Total Rp 1.050.000. | H5: Pesanan WDL-0001 tersimpan dengan status Menunggu Pembayaran. Jumlah tamu 10 orang. Cetak tambahan (250 lembar) Rp 750.000. Total Rp 1.050.000. | I5: Lulus | J5: 2026-10-02 | K5: (isi nama) | L5: https://github.com/bagassfernanda/wedlify/blob/main/docs/modul3/bukti/TC-BVA-01.png
A6: TC-BVA-02 | B6: REQ-010, BR-22, TCD-025: jumlah tamu 10 sampai 2000, bilangan bulat | C6: BVA: Jumlah Tamu = Min+ | D6: Sudah login sebagai pelanggan.uji@mail.com. Pesanan berstatus Menunggu Pembayaran kurang dari 3 (pesanan hasil kasus sebelumnya sudah dibatalkan). | E6: Jumlah Tamu = 11; Cetak Tambahan = 250; Paket = Standard | F6: 1. Buka Pesanan Saya lalu tekan Buat Pesanan. 2. Isi Nama Pengantin Wanita Sarah dan Nama Pengantin Pria James. 3. Isi Tanggal Pernikahan 2026-11-01 dan Lokasi Grand Ballroom, Hotel Mulia. 4. Pilih Tema Elegant Gold dan Paket Standard. 5. Isi Jumlah Tamu 11 dan Cetak Tambahan 250. 6. Tekan Buat Pesanan. | G6: Halaman detail pesanan tampil dengan status Menunggu Pembayaran. Jumlah tamu 11 orang. Cetak tambahan (250 lembar) Rp 750.000. Total Rp 1.050.000. | H6: Pesanan WDL-0002 tersimpan dengan status Menunggu Pembayaran. Jumlah tamu 11 orang. Cetak tambahan (250 lembar) Rp 750.000. Total Rp 1.050.000. | I6: Lulus | J6: 2026-10-02 | K6: (isi nama) | L6: https://github.com/bagassfernanda/wedlify/blob/main/docs/modul3/bukti/TC-BVA-02.png
A7: TC-BVA-03 | B7: REQ-010, BR-22, TCD-025: jumlah tamu 10 sampai 2000, bilangan bulat | C7: BVA: Jumlah Tamu = Max- | D7: Sudah login sebagai pelanggan.uji@mail.com. Pesanan berstatus Menunggu Pembayaran kurang dari 3 (pesanan hasil kasus sebelumnya sudah dibatalkan). | E7: Jumlah Tamu = 1999; Cetak Tambahan = 250; Paket = Standard | F7: 1. Buka Pesanan Saya lalu tekan Buat Pesanan. 2. Isi Nama Pengantin Wanita Sarah dan Nama Pengantin Pria James. 3. Isi Tanggal Pernikahan 2026-11-01 dan Lokasi Grand Ballroom, Hotel Mulia. 4. Pilih Tema Elegant Gold dan Paket Standard. 5. Isi Jumlah Tamu 1999 dan Cetak Tambahan 250. 6. Tekan Buat Pesanan. | G7: Halaman detail pesanan tampil dengan status Menunggu Pembayaran. Jumlah tamu 1999 orang. Cetak tambahan (250 lembar) Rp 750.000. Total Rp 1.050.000. | H7: Pesanan WDL-0003 tersimpan dengan status Menunggu Pembayaran. Jumlah tamu 1999 orang. Cetak tambahan (250 lembar) Rp 750.000. Total Rp 1.050.000. | I7: Lulus | J7: 2026-10-02 | K7: (isi nama) | L7: https://github.com/bagassfernanda/wedlify/blob/main/docs/modul3/bukti/TC-BVA-03.png
A8: TC-BVA-04 | B8: REQ-010, BR-22, TCD-025: jumlah tamu 10 sampai 2000, bilangan bulat | C8: BVA: Jumlah Tamu = Max | D8: Sudah login sebagai pelanggan.uji@mail.com. Pesanan berstatus Menunggu Pembayaran kurang dari 3 (pesanan hasil kasus sebelumnya sudah dibatalkan). | E8: Jumlah Tamu = 2000; Cetak Tambahan = 250; Paket = Standard | F8: 1. Buka Pesanan Saya lalu tekan Buat Pesanan. 2. Isi Nama Pengantin Wanita Sarah dan Nama Pengantin Pria James. 3. Isi Tanggal Pernikahan 2026-11-01 dan Lokasi Grand Ballroom, Hotel Mulia. 4. Pilih Tema Elegant Gold dan Paket Standard. 5. Isi Jumlah Tamu 2000 dan Cetak Tambahan 250. 6. Tekan Buat Pesanan. | G8: Halaman detail pesanan tampil dengan status Menunggu Pembayaran. Jumlah tamu 2000 orang. Cetak tambahan (250 lembar) Rp 750.000. Total Rp 1.050.000. | H8: Pesanan WDL-0004 tersimpan dengan status Menunggu Pembayaran. Jumlah tamu 2000 orang. Cetak tambahan (250 lembar) Rp 750.000. Total Rp 1.050.000. | I8: Lulus | J8: 2026-10-02 | K8: (isi nama) | L8: https://github.com/bagassfernanda/wedlify/blob/main/docs/modul3/bukti/TC-BVA-04.png
A9: TC-BVA-05 | B9: REQ-015, BR-31, BR-33, TCD-037: cetak tambahan 0 sampai 500 lembar, Rp 3.000 per lembar | C9: BVA: Cetak Tambahan = Min | D9: Sudah login sebagai pelanggan.uji@mail.com. Pesanan berstatus Menunggu Pembayaran kurang dari 3 (pesanan hasil kasus sebelumnya sudah dibatalkan). | E9: Jumlah Tamu = 1000; Cetak Tambahan = 0; Paket = Standard | F9: 1. Buka Pesanan Saya lalu tekan Buat Pesanan. 2. Isi Nama Pengantin Wanita Sarah dan Nama Pengantin Pria James. 3. Isi Tanggal Pernikahan 2026-11-01 dan Lokasi Grand Ballroom, Hotel Mulia. 4. Pilih Tema Elegant Gold dan Paket Standard. 5. Isi Jumlah Tamu 1000 dan Cetak Tambahan 0. 6. Tekan Buat Pesanan. | G9: Halaman detail pesanan tampil dengan status Menunggu Pembayaran. Jumlah tamu 1000 orang. Cetak tambahan (0 lembar) Rp 0. Total Rp 300.000. | H9: Pesanan WDL-0005 tersimpan dengan status Menunggu Pembayaran. Jumlah tamu 1000 orang. Cetak tambahan (0 lembar) Rp 0. Total Rp 300.000. | I9: Lulus | J9: 2026-10-02 | K9: (isi nama) | L9: https://github.com/bagassfernanda/wedlify/blob/main/docs/modul3/bukti/TC-BVA-05.png
A10: TC-BVA-06 | B10: REQ-015, BR-31, BR-33, TCD-037: cetak tambahan 0 sampai 500 lembar, Rp 3.000 per lembar | C10: BVA: Cetak Tambahan = Min+ | D10: Sudah login sebagai pelanggan.uji@mail.com. Pesanan berstatus Menunggu Pembayaran kurang dari 3 (pesanan hasil kasus sebelumnya sudah dibatalkan). | E10: Jumlah Tamu = 1000; Cetak Tambahan = 1; Paket = Standard | F10: 1. Buka Pesanan Saya lalu tekan Buat Pesanan. 2. Isi Nama Pengantin Wanita Sarah dan Nama Pengantin Pria James. 3. Isi Tanggal Pernikahan 2026-11-01 dan Lokasi Grand Ballroom, Hotel Mulia. 4. Pilih Tema Elegant Gold dan Paket Standard. 5. Isi Jumlah Tamu 1000 dan Cetak Tambahan 1. 6. Tekan Buat Pesanan. | G10: Halaman detail pesanan tampil dengan status Menunggu Pembayaran. Jumlah tamu 1000 orang. Cetak tambahan (1 lembar) Rp 3.000. Total Rp 303.000. | H10: Pesanan WDL-0006 tersimpan dengan status Menunggu Pembayaran. Jumlah tamu 1000 orang. Cetak tambahan (1 lembar) Rp 3.000. Total Rp 303.000. | I10: Lulus | J10: 2026-10-02 | K10: (isi nama) | L10: https://github.com/bagassfernanda/wedlify/blob/main/docs/modul3/bukti/TC-BVA-06.png
A11: TC-BVA-07 | B11: REQ-015, BR-31, BR-33, TCD-037: cetak tambahan 0 sampai 500 lembar, Rp 3.000 per lembar | C11: BVA: Cetak Tambahan = Max- | D11: Sudah login sebagai pelanggan.uji@mail.com. Pesanan berstatus Menunggu Pembayaran kurang dari 3 (pesanan hasil kasus sebelumnya sudah dibatalkan). | E11: Jumlah Tamu = 1000; Cetak Tambahan = 499; Paket = Standard | F11: 1. Buka Pesanan Saya lalu tekan Buat Pesanan. 2. Isi Nama Pengantin Wanita Sarah dan Nama Pengantin Pria James. 3. Isi Tanggal Pernikahan 2026-11-01 dan Lokasi Grand Ballroom, Hotel Mulia. 4. Pilih Tema Elegant Gold dan Paket Standard. 5. Isi Jumlah Tamu 1000 dan Cetak Tambahan 499. 6. Tekan Buat Pesanan. | G11: Halaman detail pesanan tampil dengan status Menunggu Pembayaran. Jumlah tamu 1000 orang. Cetak tambahan (499 lembar) Rp 1.497.000. Total Rp 1.797.000. | H11: Pesanan WDL-0007 tersimpan dengan status Menunggu Pembayaran. Jumlah tamu 1000 orang. Cetak tambahan (499 lembar) Rp 1.497.000. Total Rp 1.797.000. | I11: Lulus | J11: 2026-10-02 | K11: (isi nama) | L11: https://github.com/bagassfernanda/wedlify/blob/main/docs/modul3/bukti/TC-BVA-07.png
A12: TC-BVA-08 | B12: REQ-015, BR-31, BR-33, TCD-037: cetak tambahan 0 sampai 500 lembar, Rp 3.000 per lembar | C12: BVA: Cetak Tambahan = Max | D12: Sudah login sebagai pelanggan.uji@mail.com. Pesanan berstatus Menunggu Pembayaran kurang dari 3 (pesanan hasil kasus sebelumnya sudah dibatalkan). | E12: Jumlah Tamu = 1000; Cetak Tambahan = 500; Paket = Standard | F12: 1. Buka Pesanan Saya lalu tekan Buat Pesanan. 2. Isi Nama Pengantin Wanita Sarah dan Nama Pengantin Pria James. 3. Isi Tanggal Pernikahan 2026-11-01 dan Lokasi Grand Ballroom, Hotel Mulia. 4. Pilih Tema Elegant Gold dan Paket Standard. 5. Isi Jumlah Tamu 1000 dan Cetak Tambahan 500. 6. Tekan Buat Pesanan. | G12: Halaman detail pesanan tampil dengan status Menunggu Pembayaran. Jumlah tamu 1000 orang. Cetak tambahan (500 lembar) Rp 1.500.000. Total Rp 1.800.000. | H12: Pesanan WDL-0008 tersimpan dengan status Menunggu Pembayaran. Jumlah tamu 1000 orang. Cetak tambahan (500 lembar) Rp 1.500.000. Total Rp 1.800.000. | I12: Lulus | J12: 2026-10-02 | K12: (isi nama) | L12: https://github.com/bagassfernanda/wedlify/blob/main/docs/modul3/bukti/TC-BVA-08.png
A13: TC-BVA-09 | B13: REQ-009, REQ-010, REQ-015, TCD-022: data pesanan valid | C13: BVA: Semua nominal | D13: Sudah login sebagai pelanggan.uji@mail.com. Pesanan berstatus Menunggu Pembayaran kurang dari 3 (pesanan hasil kasus sebelumnya sudah dibatalkan). | E13: Jumlah Tamu = 1000; Cetak Tambahan = 250; Paket = Standard | F13: 1. Buka Pesanan Saya lalu tekan Buat Pesanan. 2. Isi Nama Pengantin Wanita Sarah dan Nama Pengantin Pria James. 3. Isi Tanggal Pernikahan 2026-11-01 dan Lokasi Grand Ballroom, Hotel Mulia. 4. Pilih Tema Elegant Gold dan Paket Standard. 5. Isi Jumlah Tamu 1000 dan Cetak Tambahan 250. 6. Tekan Buat Pesanan. | G13: Halaman detail pesanan tampil dengan status Menunggu Pembayaran. Jumlah tamu 1000 orang. Cetak tambahan (250 lembar) Rp 750.000. Total Rp 1.050.000. | H13: Pesanan WDL-0009 tersimpan dengan status Menunggu Pembayaran. Jumlah tamu 1000 orang. Cetak tambahan (250 lembar) Rp 750.000. Total Rp 1.050.000. | I13: Lulus | J13: 2026-10-02 | K13: (isi nama) | L13: https://github.com/bagassfernanda/wedlify/blob/main/docs/modul3/bukti/TC-BVA-09.png
A14: TC-EP-01 | B14: REQ-015, BR-31, BR-33, TCD-037: cetak tambahan 0 sampai 500 lembar, Rp 3.000 per lembar | C14: EP Weak Robust: P1 (Input valid, pesanan diterima tanpa biaya cetak) | D14: Sudah login sebagai pelanggan.uji@mail.com. Pesanan berstatus Menunggu Pembayaran kurang dari 3 (pesanan hasil kasus sebelumnya sudah dibatalkan). | E14: Jumlah Tamu = 300; Cetak Tambahan = 0; Paket = Standard | F14: 1. Buka Pesanan Saya lalu tekan Buat Pesanan. 2. Isi Nama Pengantin Wanita Sarah dan Nama Pengantin Pria James. 3. Isi Tanggal Pernikahan 2026-11-01 dan Lokasi Grand Ballroom, Hotel Mulia. 4. Pilih Tema Elegant Gold dan Paket Standard. 5. Isi Jumlah Tamu 300 dan Cetak Tambahan 0. 6. Tekan Buat Pesanan. | G14: Halaman detail pesanan tampil dengan status Menunggu Pembayaran. Jumlah tamu 300 orang. Cetak tambahan (0 lembar) Rp 0. Total Rp 300.000. | H14: Pesanan WDL-0010 tersimpan dengan status Menunggu Pembayaran. Jumlah tamu 300 orang. Cetak tambahan (0 lembar) Rp 0. Total Rp 300.000. | I14: Lulus | J14: 2026-10-02 | K14: (isi nama) | L14: https://github.com/bagassfernanda/wedlify/blob/main/docs/modul3/bukti/TC-EP-01.png
A15: TC-EP-02 | B15: REQ-015, BR-31, BR-33, TCD-037: cetak tambahan 0 sampai 500 lembar, Rp 3.000 per lembar | C15: EP Weak Robust: P1 (Input valid, pesanan diterima dengan biaya cetak) | D15: Sudah login sebagai pelanggan.uji@mail.com. Pesanan berstatus Menunggu Pembayaran kurang dari 3 (pesanan hasil kasus sebelumnya sudah dibatalkan). | E15: Jumlah Tamu = 300; Cetak Tambahan = 100; Paket = Standard | F15: 1. Buka Pesanan Saya lalu tekan Buat Pesanan. 2. Isi Nama Pengantin Wanita Sarah dan Nama Pengantin Pria James. 3. Isi Tanggal Pernikahan 2026-11-01 dan Lokasi Grand Ballroom, Hotel Mulia. 4. Pilih Tema Elegant Gold dan Paket Standard. 5. Isi Jumlah Tamu 300 dan Cetak Tambahan 100. 6. Tekan Buat Pesanan. | G15: Halaman detail pesanan tampil dengan status Menunggu Pembayaran. Jumlah tamu 300 orang. Cetak tambahan (100 lembar) Rp 300.000. Total Rp 600.000. | H15: Pesanan WDL-0011 tersimpan dengan status Menunggu Pembayaran. Jumlah tamu 300 orang. Cetak tambahan (100 lembar) Rp 300.000. Total Rp 600.000. | I15: Lulus | J15: 2026-10-02 | K15: (isi nama) | L15: https://github.com/bagassfernanda/wedlify/blob/main/docs/modul3/bukti/TC-EP-02.png
A16: TC-EP-03 | B16: REQ-016, BR-32, TCD-038: cetak tambahan hanya untuk Standard dan Premium | C16: EP Weak Robust: P2 (Rentang valid, ditolak aturan paket) | D16: Sudah login sebagai pelanggan.uji@mail.com. Pesanan berstatus Menunggu Pembayaran kurang dari 3 (pesanan hasil kasus sebelumnya sudah dibatalkan). | E16: Jumlah Tamu = 300; Cetak Tambahan = 100; Paket = Basic | F16: 1. Buka Pesanan Saya lalu tekan Buat Pesanan. 2. Isi Nama Pengantin Wanita Sarah dan Nama Pengantin Pria James. 3. Isi Tanggal Pernikahan 2026-11-01 dan Lokasi Grand Ballroom, Hotel Mulia. 4. Pilih Tema Elegant Gold dan Paket Basic. 5. Isi Jumlah Tamu 300 dan Cetak Tambahan 100. 6. Tekan Buat Pesanan. | G16: Pesanan tidak tersimpan dan halaman tetap di form Buat Pesanan. Di bawah field Cetak Tambahan tampil pesan "Paket Basic tidak menyediakan cetak tambahan. Pilih Standard atau Premium.". | H16: Pesanan tidak tersimpan dan halaman tetap di form. Pesan yang tampil pada Cetak Tambahan: "Paket Basic tidak menyediakan cetak tambahan. Pilih Standard atau Premium.". | I16: Lulus | J16: 2026-10-02 | K16: (isi nama) | L16: https://github.com/bagassfernanda/wedlify/blob/main/docs/modul3/bukti/TC-EP-03.png
A17: TC-EP-04 | B17: REQ-010, BR-22, TCD-025: jumlah tamu 10 sampai 2000, bilangan bulat | C17: EP Weak Robust: P3, tamu < 10 (Input tidak valid: di bawah batas bawah) | D17: Sudah login sebagai pelanggan.uji@mail.com. Pesanan berstatus Menunggu Pembayaran kurang dari 3 (pesanan hasil kasus sebelumnya sudah dibatalkan). | E17: Jumlah Tamu = 5; Cetak Tambahan = 100; Paket = Standard | F17: 1. Buka Pesanan Saya lalu tekan Buat Pesanan. 2. Isi Nama Pengantin Wanita Sarah dan Nama Pengantin Pria James. 3. Isi Tanggal Pernikahan 2026-11-01 dan Lokasi Grand Ballroom, Hotel Mulia. 4. Pilih Tema Elegant Gold dan Paket Standard. 5. Isi Jumlah Tamu 5 dan Cetak Tambahan 100. 6. Tekan Buat Pesanan. | G17: Pesanan tidak tersimpan dan halaman tetap di form Buat Pesanan. Di bawah field Jumlah Tamu tampil pesan "Jumlah tamu minimal 10 orang". | H17: Pesanan tidak tersimpan dan halaman tetap di form. Pesan yang tampil pada Jumlah Tamu: "Jumlah tamu minimal 10 orang". | I17: Lulus | J17: 2026-10-02 | K17: (isi nama) | L17: https://github.com/bagassfernanda/wedlify/blob/main/docs/modul3/bukti/TC-EP-04.png | N17: Saat menjalankan kasus ini teramati INC-001 pada panel Rincian Harga. Temuan itu di luar expected result kasus ini, sehingga status kasus tetap Lulus.
A18: TC-EP-05 | B18: REQ-015, BR-31, BR-33, TCD-037: cetak tambahan 0 sampai 500 lembar, Rp 3.000 per lembar | C18: EP Weak Robust: P3, cetak < 0 (Input tidak valid: di bawah batas bawah) | D18: Sudah login sebagai pelanggan.uji@mail.com. Pesanan berstatus Menunggu Pembayaran kurang dari 3 (pesanan hasil kasus sebelumnya sudah dibatalkan). | E18: Jumlah Tamu = 300; Cetak Tambahan = -5; Paket = Standard | F18: 1. Buka Pesanan Saya lalu tekan Buat Pesanan. 2. Isi Nama Pengantin Wanita Sarah dan Nama Pengantin Pria James. 3. Isi Tanggal Pernikahan 2026-11-01 dan Lokasi Grand Ballroom, Hotel Mulia. 4. Pilih Tema Elegant Gold dan Paket Standard. 5. Isi Jumlah Tamu 300 dan Cetak Tambahan -5. 6. Tekan Buat Pesanan. | G18: Pesanan tidak tersimpan dan halaman tetap di form Buat Pesanan. Di bawah field Cetak Tambahan tampil pesan "Cetak tambahan tidak boleh negatif". | H18: Pesanan tidak tersimpan dan halaman tetap di form. Pesan yang tampil pada Cetak Tambahan: "Cetak tambahan tidak boleh negatif". | I18: Lulus | J18: 2026-10-02 | K18: (isi nama) | L18: https://github.com/bagassfernanda/wedlify/blob/main/docs/modul3/bukti/TC-EP-05.png
A19: TC-EP-06 | B19: REQ-010, BR-22, TCD-025: jumlah tamu 10 sampai 2000, bilangan bulat | C19: EP Weak Robust: P4, tamu > 2000 (Input tidak valid: di atas batas atas) | D19: Sudah login sebagai pelanggan.uji@mail.com. Pesanan berstatus Menunggu Pembayaran kurang dari 3 (pesanan hasil kasus sebelumnya sudah dibatalkan). | E19: Jumlah Tamu = 2500; Cetak Tambahan = 100; Paket = Standard | F19: 1. Buka Pesanan Saya lalu tekan Buat Pesanan. 2. Isi Nama Pengantin Wanita Sarah dan Nama Pengantin Pria James. 3. Isi Tanggal Pernikahan 2026-11-01 dan Lokasi Grand Ballroom, Hotel Mulia. 4. Pilih Tema Elegant Gold dan Paket Standard. 5. Isi Jumlah Tamu 2500 dan Cetak Tambahan 100. 6. Tekan Buat Pesanan. | G19: Pesanan tidak tersimpan dan halaman tetap di form Buat Pesanan. Di bawah field Jumlah Tamu tampil pesan "Jumlah tamu maksimal 2000 orang". | H19: Pesanan tidak tersimpan dan halaman tetap di form. Pesan yang tampil pada Jumlah Tamu: "Jumlah tamu maksimal 2000 orang". | I19: Lulus | J19: 2026-10-02 | K19: (isi nama) | L19: https://github.com/bagassfernanda/wedlify/blob/main/docs/modul3/bukti/TC-EP-06.png
A20: TC-EP-07 | B20: REQ-015, BR-31, BR-33, TCD-037: cetak tambahan 0 sampai 500 lembar, Rp 3.000 per lembar | C20: EP Weak Robust: P4, cetak > 500 (Input tidak valid: di atas batas atas) | D20: Sudah login sebagai pelanggan.uji@mail.com. Pesanan berstatus Menunggu Pembayaran kurang dari 3 (pesanan hasil kasus sebelumnya sudah dibatalkan). | E20: Jumlah Tamu = 300; Cetak Tambahan = 600; Paket = Standard | F20: 1. Buka Pesanan Saya lalu tekan Buat Pesanan. 2. Isi Nama Pengantin Wanita Sarah dan Nama Pengantin Pria James. 3. Isi Tanggal Pernikahan 2026-11-01 dan Lokasi Grand Ballroom, Hotel Mulia. 4. Pilih Tema Elegant Gold dan Paket Standard. 5. Isi Jumlah Tamu 300 dan Cetak Tambahan 600. 6. Tekan Buat Pesanan. | G20: Pesanan tidak tersimpan dan halaman tetap di form Buat Pesanan. Di bawah field Cetak Tambahan tampil pesan "Cetak tambahan maksimal 500 lembar". | H20: Pesanan tidak tersimpan dan halaman tetap di form. Pesan yang tampil pada Cetak Tambahan: "Cetak tambahan maksimal 500 lembar". | I20: Lulus | J20: 2026-10-02 | K20: (isi nama) | L20: https://github.com/bagassfernanda/wedlify/blob/main/docs/modul3/bukti/TC-EP-07.png
A21: TC-EP-08 | B21: REQ-010, BR-22, TCD-025: jumlah tamu 10 sampai 2000, bilangan bulat | C21: EP Weak Robust: P5, tamu pecahan (Input tidak valid: bukan bilangan bulat) | D21: Sudah login sebagai pelanggan.uji@mail.com. Pesanan berstatus Menunggu Pembayaran kurang dari 3 (pesanan hasil kasus sebelumnya sudah dibatalkan). | E21: Jumlah Tamu = 100.5; Cetak Tambahan = 100; Paket = Standard | F21: 1. Buka Pesanan Saya lalu tekan Buat Pesanan. 2. Isi Nama Pengantin Wanita Sarah dan Nama Pengantin Pria James. 3. Isi Tanggal Pernikahan 2026-11-01 dan Lokasi Grand Ballroom, Hotel Mulia. 4. Pilih Tema Elegant Gold dan Paket Standard. 5. Isi Jumlah Tamu 100.5 dan Cetak Tambahan 100. 6. Tekan Buat Pesanan. | G21: Pesanan tidak tersimpan dan halaman tetap di form Buat Pesanan. Di bawah field Jumlah Tamu tampil pesan "Jumlah tamu harus bilangan bulat". | H21: Pesanan tidak tersimpan dan halaman tetap di form. Pesan yang tampil pada Jumlah Tamu: "Jumlah tamu harus bilangan bulat". | I21: Lulus | J21: 2026-10-02 | K21: (isi nama) | L21: https://github.com/bagassfernanda/wedlify/blob/main/docs/modul3/bukti/TC-EP-08.png
A22: TC-EP-09 | B22: REQ-015, BR-31, BR-33, TCD-037: cetak tambahan 0 sampai 500 lembar, Rp 3.000 per lembar | C22: EP Weak Robust: P5, cetak pecahan (Input tidak valid: bukan bilangan bulat) | D22: Sudah login sebagai pelanggan.uji@mail.com. Pesanan berstatus Menunggu Pembayaran kurang dari 3 (pesanan hasil kasus sebelumnya sudah dibatalkan). | E22: Jumlah Tamu = 300; Cetak Tambahan = 2.5; Paket = Standard | F22: 1. Buka Pesanan Saya lalu tekan Buat Pesanan. 2. Isi Nama Pengantin Wanita Sarah dan Nama Pengantin Pria James. 3. Isi Tanggal Pernikahan 2026-11-01 dan Lokasi Grand Ballroom, Hotel Mulia. 4. Pilih Tema Elegant Gold dan Paket Standard. 5. Isi Jumlah Tamu 300 dan Cetak Tambahan 2.5. 6. Tekan Buat Pesanan. | G22: Pesanan tidak tersimpan dan halaman tetap di form Buat Pesanan. Di bawah field Cetak Tambahan tampil pesan "Cetak tambahan harus bilangan bulat". | H22: Pesanan tidak tersimpan dan halaman tetap di form. Pesan yang tampil pada Cetak Tambahan: "Cetak tambahan harus bilangan bulat". | I22: Lulus | J22: 2026-10-02 | K22: (isi nama) | L22: https://github.com/bagassfernanda/wedlify/blob/main/docs/modul3/bukti/TC-EP-09.png
H24: Jumlah test case | I24: =COUNTA(A5:A22) -> 18
H25: Lulus | I25: =COUNTIF(I5:I22,"Lulus") -> 18
H26: Gagal | I26: =COUNTIF(I5:I22,"Gagal") -> 0
H27: Terblokir | I27: =COUNTIF(I5:I22,"Terblokir") -> 0

Sheet 05_Traceability
A1: 05_Traceability: Aturan ke Test Case, Status, dan Incident
A2: Status diambil dari sheet 04 berdasarkan Test Case ID, sehingga ikut berubah bila hasil eksekusi diperbarui.
A4: Requirement | B4: Aturan bisnis | C4: Test Condition (Modul 2) | D4: Coverage Item | E4: Test Case ID | F4: Status eksekusi | G4: Incident ID
A5: REQ-010 | B5: BR-22 | C5: TCD-025 Jumlah tamu di batas dan di luar batas | D5: CI-025 Field jumlah tamu | E5: TC-BVA-01 | F5: =INDEX('04_Rancangan_dan_Eksekusi'!$I$5:$I$22,MATCH(E5,'04_Rancangan_dan_Eksekusi'!$A$5:$A$22,0)) -> Lulus
A6: REQ-010 | B6: BR-22 | C6: TCD-025 Jumlah tamu di batas dan di luar batas | D6: CI-025 Field jumlah tamu | E6: TC-BVA-02 | F6: =INDEX('04_Rancangan_dan_Eksekusi'!$I$5:$I$22,MATCH(E6,'04_Rancangan_dan_Eksekusi'!$A$5:$A$22,0)) -> Lulus
A7: REQ-010 | B7: BR-22 | C7: TCD-025 Jumlah tamu di batas dan di luar batas | D7: CI-025 Field jumlah tamu | E7: TC-BVA-03 | F7: =INDEX('04_Rancangan_dan_Eksekusi'!$I$5:$I$22,MATCH(E7,'04_Rancangan_dan_Eksekusi'!$A$5:$A$22,0)) -> Lulus
A8: REQ-010 | B8: BR-22 | C8: TCD-025 Jumlah tamu di batas dan di luar batas | D8: CI-025 Field jumlah tamu | E8: TC-BVA-04 | F8: =INDEX('04_Rancangan_dan_Eksekusi'!$I$5:$I$22,MATCH(E8,'04_Rancangan_dan_Eksekusi'!$A$5:$A$22,0)) -> Lulus
A9: REQ-010 | B9: BR-22 | C9: TCD-025 Jumlah tamu di batas dan di luar batas | D9: CI-025 Field jumlah tamu | E9: TC-BVA-09 | F9: =INDEX('04_Rancangan_dan_Eksekusi'!$I$5:$I$22,MATCH(E9,'04_Rancangan_dan_Eksekusi'!$A$5:$A$22,0)) -> Lulus
A10: REQ-010 | B10: BR-22 | C10: TCD-025 Jumlah tamu di batas dan di luar batas | D10: CI-025 Field jumlah tamu | E10: TC-EP-04 | F10: =INDEX('04_Rancangan_dan_Eksekusi'!$I$5:$I$22,MATCH(E10,'04_Rancangan_dan_Eksekusi'!$A$5:$A$22,0)) -> Lulus
A11: REQ-010 | B11: BR-22 | C11: TCD-025 Jumlah tamu di batas dan di luar batas | D11: CI-025 Field jumlah tamu | E11: TC-EP-06 | F11: =INDEX('04_Rancangan_dan_Eksekusi'!$I$5:$I$22,MATCH(E11,'04_Rancangan_dan_Eksekusi'!$A$5:$A$22,0)) -> Lulus
A12: REQ-010 | B12: BR-22 | C12: TCD-025 Jumlah tamu di batas dan di luar batas | D12: CI-025 Field jumlah tamu | E12: TC-EP-08 | F12: =INDEX('04_Rancangan_dan_Eksekusi'!$I$5:$I$22,MATCH(E12,'04_Rancangan_dan_Eksekusi'!$A$5:$A$22,0)) -> Lulus
A13: REQ-015 | B13: BR-31, BR-33 | C13: TCD-037 Cetak tambahan di batas dan di luar batas | D13: CI-037 Field cetak tambahan dan biaya cetak | E13: TC-BVA-05 | F13: =INDEX('04_Rancangan_dan_Eksekusi'!$I$5:$I$22,MATCH(E13,'04_Rancangan_dan_Eksekusi'!$A$5:$A$22,0)) -> Lulus
A14: REQ-015 | B14: BR-31, BR-33 | C14: TCD-037 Cetak tambahan di batas dan di luar batas | D14: CI-037 Field cetak tambahan dan biaya cetak | E14: TC-BVA-06 | F14: =INDEX('04_Rancangan_dan_Eksekusi'!$I$5:$I$22,MATCH(E14,'04_Rancangan_dan_Eksekusi'!$A$5:$A$22,0)) -> Lulus
A15: REQ-015 | B15: BR-31, BR-33 | C15: TCD-037 Cetak tambahan di batas dan di luar batas | D15: CI-037 Field cetak tambahan dan biaya cetak | E15: TC-BVA-07 | F15: =INDEX('04_Rancangan_dan_Eksekusi'!$I$5:$I$22,MATCH(E15,'04_Rancangan_dan_Eksekusi'!$A$5:$A$22,0)) -> Lulus
A16: REQ-015 | B16: BR-31, BR-33 | C16: TCD-037 Cetak tambahan di batas dan di luar batas | D16: CI-037 Field cetak tambahan dan biaya cetak | E16: TC-BVA-08 | F16: =INDEX('04_Rancangan_dan_Eksekusi'!$I$5:$I$22,MATCH(E16,'04_Rancangan_dan_Eksekusi'!$A$5:$A$22,0)) -> Lulus
... A25: REQ-009 | B25: BR-26, BR-40 | C25: TCD-022 Data pesanan valid | D25: CI-022 Form buat pesanan, nomor, dan status awal | E25: TC-EP-01 | F25: =INDEX('04_Rancangan_dan_Eksekusi'!$I$5:$I$22,MATCH(E25,'04_Rancangan_dan_Eksekusi'!$A$5:$A$22,0)) -> Lulus
A26: REQ-015 | B26: BR-33 | C26: Panel Rincian Harga saat paket sudah dipilih (pengamatan saat eksekusi) | D26: Panel Rincian Harga | E26: TC-EP-04 | F26: =INDEX('04_Rancangan_dan_Eksekusi'!$I$5:$I$22,MATCH(E26,'04_Rancangan_dan_Eksekusi'!$A$5:$A$22,0)) -> Lulus | G26: INC-001
E28: Baris tertaut | F28: =COUNTA(E5:E26) -> 22
E29: Baris berstatus Lulus | F29: =COUNTIF(F5:F26,"Lulus") -> 22

Sheet 06_Indeks_Incident
A1: 06_Indeks_Incident: Daftar Incident
A2: Satu baris untuk setiap cacat yang teramati. Laporan lengkap ada pada tautan.
A4: Incident ID | B4: Test Case terkait | C4: Ringkasan | D4: Test basis | E4: Severity | F4: Status | G4: Laporan | H4: Bukti
A5: INC-001 | B5: TC-EP-04 (teramati saat eksekusi) | C5: Panel Rincian Harga tetap menampilkan "Pilih paket untuk melihat rincian harga." setelah paket dipilih, selama hasil hitung harga belum diterima dari server. | D5: REQ-015, BR-33 | E5: Rendah | F5: Terbuka | G5: https://github.com/bagassfernanda/wedlify/blob/main/docs/modul3/INC-001.md | H5: https://github.com/bagassfernanda/wedlify/blob/main/docs/modul3/bukti/INC-001-saat-menunggu.png
E7: Jumlah incident | F7: =COUNTA(A5:A5) -> 1
